insert into App_User (ID, VERSION, FIRST_NAME, LAST_NAME, EMAIL, USER_NAME, PASSWORD, SECOND_LAST_NAME, ADDRESS) values (101, 0, 'Incognito', 'Incognito', 'admin@happyfaces.com', 'admin', '8c6976e5b5410415bde908bd4dee15dfb167a9c873fc4bb8a81f6f2ab448a918', 'SECOND LAST NAME', 'Avenida Oriente 7 no. 1073');
insert into App_User (ID, VERSION, FIRST_NAME, LAST_NAME, EMAIL, USER_NAME, PASSWORD, SECOND_LAST_NAME, ADDRESS) values (102, 0, 'no name', 'no name', 'test@happyfaces.com', 'test', '8c6976e5b5410415bde908bd4dee15dfb167a9c873fc4bb8a81f6f2ab448a918', 'SECOND LAST NAME', 'Calle Norte 20 no. 738');


-- insert of teams
insert into Team (ID, version, Name) values (1, 1, "Borregos");
insert into Team (ID, version, Name) values (2, 1, "Buhos");


--ITEMS FOR BORREGOS
--three clothing
insert into Clothing (Id, version, Name, Size, Color, Image, Stock, Price, Team_Id, Sport, Description ) values(1, 1, "jerseyBorregos1", "XL", "Azul", "jerseyBorregos1.jpg", 10, 100.0, 1, "Soccer", "Duis malesuada sem et efficitur gravida.");
insert into Clothing (Id, version, Name, Size, Color, Image, Stock, Price, Team_Id, Sport, Description ) values(2, 1, "jerseyBorregos2", "XL", "Azul", "jerseyBorregos2.jpg", 10, 100.0, 1, "Soccer", "Duis malesuada sem et efficitur gravida.");
insert into Clothing (Id, version, Name, Size, Color, Image, Stock, Price, Team_Id, Sport, Description ) values(3, 1, "jerseyBorregos3", "XL", "Azul", "jerseyBorregos3.jpg", 10, 100.0, 1, "Soccer", "Duis malesuada sem et efficitur gravida.");

insert into Clothing (Id, version, Name, Size, Color, Image, Stock, Price, Team_Id, Sport, Description ) values(4, 1, "jerseyBorregos4", "XL", "Azul", "jerseyBorregos4.jpg", 10, 100.0, 1, "Futbol", "Duis malesuada sem et efficitur gravida.");
insert into Clothing (Id, version, Name, Size, Color, Image, Stock, Price, Team_Id, Sport, Description ) values(5, 1, "jerseyBorregos5", "XL", "Azul", "jerseyBorregos5.jpg", 10, 100.0, 1, "Futbol", "Duis malesuada sem et efficitur gravida.");
insert into Clothing (Id, version, Name, Size, Color, Image, Stock, Price, Team_Id, Sport, Description ) values(6, 1, "jerseyBorregos6", "XL", "Azul", "jerseyBorregos6.jpg", 10, 100.0, 1, "Futbol", "Duis malesuada sem et efficitur gravida.");

insert into Clothing (Id, version, Name, Size, Color, Image, Stock, Price, Team_Id, Sport, Description ) values(7, 1, "jerseyBorregos7", "XL", "Azul", "jerseyBorregos7.jpg", 10, 100.0, 1, "Rugby", "Duis malesuada sem et efficitur gravida.");
insert into Clothing (Id, version, Name, Size, Color, Image, Stock, Price, Team_Id, Sport, Description ) values(8, 1, "jerseyBorregos8", "XL", "Azul", "jerseyBorregos8.jpg", 10, 100.0, 1, "Rugby", "Duis malesuada sem et efficitur gravida.");
insert into Clothing (Id, version, Name, Size, Color, Image, Stock, Price, Team_Id, Sport, Description ) values(9, 1, "jerseyBorregos9", "XL", "Azul", "jerseyBorregos9.jpg", 10, 100.0, 1, "Rugby", "Duis malesuada sem et efficitur gravida.");

--
insert into Footwear (Id, version, Name, Size, Color, Image, Stock, Price, Team_Id, Sport, Description ) values(1, 1, "footwearBorregos1", 28, "Azul", "footwearBorregos1.jpg", 10, 100.0, 1, "Soccer", "Duis malesuada sem et efficitur gravida.");
insert into Footwear (Id, version, Name, Size, Color, Image, Stock, Price, Team_Id, Sport, Description ) values(2, 1, "footwearBorregos2", 28, "Azul", "footwearBorregos2.jpg", 10, 100.0, 1, "Soccer", "Duis malesuada sem et efficitur gravida.");
insert into Footwear (Id, version, Name, Size, Color, Image, Stock, Price, Team_Id, Sport, Description ) values(3, 1, "footwearBorregos3", 28, "Azul", "footwearBorregos3.jpg", 10, 100.0, 1, "Soccer", "Duis malesuada sem et efficitur gravida.");

insert into Footwear (Id, version, Name, Size, Color, Image, Stock, Price, Team_Id, Sport, Description ) values(4, 1, "footwearBorregos4", 28, "Azul", "footwearBorregos4.jpg", 10, 100.0, 1, "Futbol", "Duis malesuada sem et efficitur gravida.");
insert into Footwear (Id, version, Name, Size, Color, Image, Stock, Price, Team_Id, Sport, Description ) values(5, 1, "footwearBorregos5", 28, "Azul", "footwearBorregos5.jpg", 10, 100.0, 1, "Futbol", "Duis malesuada sem et efficitur gravida.");
insert into Footwear (Id, version, Name, Size, Color, Image, Stock, Price, Team_Id, Sport, Description ) values(6, 1, "footwearBorregos6", 28, "Azul", "footwearBorregos6.jpg", 10, 100.0, 1, "Futbol", "Duis malesuada sem et efficitur gravida.");

insert into Footwear (Id, version, Name, Size, Color, Image, Stock, Price, Team_Id, Sport, Description ) values(7, 1, "footwearBorregos7", 28, "Azul", "footwearBorregos7.jpg", 10, 100.0, 1, "Rugby", "Duis malesuada sem et efficitur gravida.");
insert into Footwear (Id, version, Name, Size, Color, Image, Stock, Price, Team_Id, Sport, Description ) values(8, 1, "footwearBorregos8", 28, "Azul", "footwearBorregos8.jpg", 10, 100.0, 1, "Rugby", "Duis malesuada sem et efficitur gravida.");
insert into Footwear (Id, version, Name, Size, Color, Image, Stock, Price, Team_Id, Sport, Description ) values(9, 1, "footwearBorregos9", 28, "Azul", "footwearBorregos9.jpg", 10, 100.0, 1, "Rugby", "Duis malesuada sem et efficitur gravida.");

--
insert into Souvenir (Id, version, Color, Image, Name, Price, Stock, Team_Id, Description ) values(1, 1, "Azul", "souvenirBorregos1.jpg", "Souvenir1", 100.0, 28, 1, "Duis malesuada sem et efficitur gravida.");
insert into Souvenir (Id, version, Color, Image, Name, Price, Stock, Team_Id, Description ) values(2, 1, "Azul", "souvenirBorregos2.jpg", "Souvenir2", 100.0, 28, 1, "Duis malesuada sem et efficitur gravida.");
insert into Souvenir (Id, version, Color, Image, Name, Price, Stock, Team_Id, Description ) values(3, 1, "Azul", "souvenirBorregos3.jpg", "Souvenir3", 100.0, 28, 1, "Duis malesuada sem et efficitur gravida.");


--ITEMS FOR BUHOS
--three clothing
insert into Clothing (Id, version, Name, Size, Color, Image, Stock, Price, Team_Id, Sport, Description ) values(10, 1, "jerseyBuhos1", "XL", "Azul", "jerseyBuhos1.jpg", 10, 100.0, 2, "Soccer", "Duis malesuada sem et efficitur gravida.");
insert into Clothing (Id, version, Name, Size, Color, Image, Stock, Price, Team_Id, Sport, Description ) values(11, 1, "jerseyBuhos2", "XL", "Azul", "jerseyBuhos2.jpg", 10, 100.0, 2, "Soccer", "Duis malesuada sem et efficitur gravida.");
insert into Clothing (Id, version, Name, Size, Color, Image, Stock, Price, Team_Id, Sport, Description ) values(12, 1, "jerseyBuhos3", "XL", "Azul", "jerseyBuhos3.jpg", 10, 100.0, 2, "Soccer", "Duis malesuada sem et efficitur gravida.");

insert into Clothing (Id, version, Name, Size, Color, Image, Stock, Price, Team_Id, Sport, Description ) values(13, 1, "jerseyBuhos4", "XL", "Azul", "jerseyBuhos4.jpg", 10, 100.0, 2, "Futbol", "Duis malesuada sem et efficitur gravida.");
insert into Clothing (Id, version, Name, Size, Color, Image, Stock, Price, Team_Id, Sport, Description ) values(14, 1, "jerseyBuhos5", "XL", "Azul", "jerseyBuhos5.jpg", 10, 100.0, 2, "Futbol", "Duis malesuada sem et efficitur gravida.");
insert into Clothing (Id, version, Name, Size, Color, Image, Stock, Price, Team_Id, Sport, Description ) values(15, 1, "jerseyBuhos6", "XL", "Azul", "jerseyBuhos6.jpg", 10, 100.0, 2, "Futbol", "Duis malesuada sem et efficitur gravida.");

insert into Clothing (Id, version, Name, Size, Color, Image, Stock, Price, Team_Id, Sport, Description ) values(16, 1, "jerseyBuhos7", "XL", "Azul", "jerseyBuhos7.jpg", 10, 100.0, 2, "Rugby", "Duis malesuada sem et efficitur gravida.");
insert into Clothing (Id, version, Name, Size, Color, Image, Stock, Price, Team_Id, Sport, Description ) values(17, 1, "jerseyBuhos8", "XL", "Azul", "jerseyBuhos8.jpg", 10, 100.0, 2, "Rugby", "Duis malesuada sem et efficitur gravida.");
insert into Clothing (Id, version, Name, Size, Color, Image, Stock, Price, Team_Id, Sport, Description ) values(18, 1, "jerseyBuhos9", "XL", "Azul", "jerseyBuhos9.jpg", 10, 100.0, 2, "Rugby", "Duis malesuada sem et efficitur gravida.");

--
insert into Footwear (Id, version, Name, Size, Color, Image, Stock, Price, Team_Id, Sport, Description ) values(10, 1, "footwearBuhos1", 28, "Azul", "footwearBuhos1.jpg", 10, 100.0, 2, "Soccer", "Duis malesuada sem et efficitur gravida.");
insert into Footwear (Id, version, Name, Size, Color, Image, Stock, Price, Team_Id, Sport, Description ) values(11, 1, "footwearBuhos2", 28, "Azul", "footwearBuhos2.jpg", 10, 100.0, 2, "Soccer", "Duis malesuada sem et efficitur gravida.");
insert into Footwear (Id, version, Name, Size, Color, Image, Stock, Price, Team_Id, Sport, Description ) values(12, 1, "footwearBuhos3", 28, "Azul", "footwearBuhos3.jpg", 10, 100.0, 2, "Soccer", "Duis malesuada sem et efficitur gravida.");

insert into Footwear (Id, version, Name, Size, Color, Image, Stock, Price, Team_Id, Sport, Description ) values(13, 1, "footwearBuhos4", 28, "Azul", "footwearBuhos4.jpg", 10, 100.0, 2, "Futbol", "Duis malesuada sem et efficitur gravida.");
insert into Footwear (Id, version, Name, Size, Color, Image, Stock, Price, Team_Id, Sport, Description ) values(14, 1, "footwearBuhos5", 28, "Azul", "footwearBuhos5.jpg", 10, 100.0, 2, "Futbol", "Duis malesuada sem et efficitur gravida.");
insert into Footwear (Id, version, Name, Size, Color, Image, Stock, Price, Team_Id, Sport, Description ) values(15, 1, "footwearBuhos6", 28, "Azul", "footwearBuhos6.jpg", 10, 100.0, 2, "Futbol", "Duis malesuada sem et efficitur gravida.");

insert into Footwear (Id, version, Name, Size, Color, Image, Stock, Price, Team_Id, Sport, Description ) values(16, 1, "footwearBuhos7", 28, "Azul", "footwearBuhos7.jpg", 10, 100.0, 2, "Rugby", "Duis malesuada sem et efficitur gravida.");
insert into Footwear (Id, version, Name, Size, Color, Image, Stock, Price, Team_Id, Sport, Description ) values(17, 1, "footwearBuhos8", 28, "Azul", "footwearBuhos8.jpg", 10, 100.0, 2, "Rugby", "Duis malesuada sem et efficitur gravida.");
insert into Footwear (Id, version, Name, Size, Color, Image, Stock, Price, Team_Id, Sport, Description ) values(18, 1, "footwearBuhos9", 28, "Azul", "footwearBuhos9.jpg", 10, 100.0, 2, "Rugby", "Duis malesuada sem et efficitur gravida.");

--
insert into Souvenir (Id, version, Color, Image, Name, Price, Stock, Team_Id, Description ) values(4, 1, "Azul", "souvenirBuhos1.jpg", "Souvenir1", 100.0, 28, 2, "Duis malesuada sem et efficitur gravida.");
insert into Souvenir (Id, version, Color, Image, Name, Price, Stock, Team_Id, Description ) values(5, 1, "Azul", "souvenirBuhos2.jpg", "Souvenir2", 100.0, 28, 2, "Duis malesuada sem et efficitur gravida.");
insert into Souvenir (Id, version, Color, Image, Name, Price, Stock, Team_Id, Description ) values(6, 1, "Azul", "souvenirBuhos3.jpg", "Souvenir3", 100.0, 28, 2, "Duis malesuada sem et efficitur gravida.");